condition,rouge1,rouge2,rougeL
finetuned_bart,0.24836186346037714,0.08197396528423592,0.13611400586331165
