condition,rouge1,rouge2,rougeL
finetuned_led,0.2316817008429911,0.06931250142286564,0.12161999361999361
